{"cameraMode":{"drawMode":0,"name":"Shaded","section":"Shading Mode"},"sceneLighting":true,"audioPlay":false,"sceneViewState":{"showFog":true,"showMaterialUpdate":false,"showSkybox":true,"showFlares":true,"showImageEffects":true,"showParticleSystems":true},"in2DMode":false,"pivot":{"x":0.2629125118255615,"y":-2.241647243499756,"z":14.481996536254883},"rotation":{"x":0.07857619225978852,"y":-0.021553151309490205,"z":0.001692045945674181,"w":0.9966768026351929},"size":16.939287185668947,"orthographic":false}