{"cameraMode":{"drawMode":0,"name":"Shaded","section":"Shading Mode"},"sceneLighting":true,"audioPlay":false,"sceneViewState":{"showFog":true,"showMaterialUpdate":false,"showSkybox":true,"showFlares":true,"showImageEffects":true,"showParticleSystems":true},"in2DMode":false,"pivot":{"x":-2.1966588497161867,"y":-10.680745124816895,"z":10.027522087097168},"rotation":{"x":-0.11536109447479248,"y":0.05718177184462547,"z":-0.0066473232582211498,"w":-0.9916676878929138},"size":9.546182632446289,"orthographic":false}