{"cameraMode":{"drawMode":0,"name":"Shaded","section":"Shading Mode"},"sceneLighting":false,"audioPlay":false,"sceneViewState":{"showFog":true,"showMaterialUpdate":false,"showSkybox":false,"showFlares":true,"showImageEffects":true,"showParticleSystems":true},"in2DMode":false,"pivot":{"x":-8.476242065429688,"y":-10.275985717773438,"z":-4.0220160484313969},"rotation":{"x":-0.04983244091272354,"y":0.8683359622955322,"z":-0.08914971351623535,"w":-0.4853670597076416},"size":10.0,"orthographic":false}