{"cameraMode":{"drawMode":0,"name":"Shaded","section":"Shading Mode"},"sceneLighting":true,"audioPlay":false,"sceneViewState":{"showFog":true,"showMaterialUpdate":false,"showSkybox":true,"showFlares":true,"showImageEffects":true,"showParticleSystems":true},"in2DMode":false,"pivot":{"x":469.4310302734375,"y":479.4725036621094,"z":1.1836174726486207},"rotation":{"x":0.044159963726997378,"y":0.006871860008686781,"z":-0.00031091837445273995,"w":0.9990037083625794},"size":392.3175048828125,"orthographic":false}